condition,metric,metric_role,n_subjects,mean_delta_condition_minus_clean,delta_ci_low,delta_ci_high,median_delta_condition_minus_clean,median_delta_ci_low,median_delta_ci_high,cohens_dz,cohens_dz_magnitude,n_worse_than_clean,pct_worse_than_clean,n_better_than_clean,pct_better_than_clean,sign_test_p_value_bh_fdr,evidence_flag
channel_dropout_0.1,brier_score,calibration,9,0.2819193957584226,0.21226112648262185,0.3515776650342234,0.30145181229359147,0.2074109119899441,0.355841000792519,3.1109361897349985,large,9,1.0,0,0.0,0.005408653846153846,fdr_significant_ttest
channel_dropout_0.2,brier_score,calibration,9,0.30388855212607263,0.25187397146821017,0.3559031327839351,0.3080558827087496,0.2507302668511958,0.3406286024876185,4.490844996286652,large,9,1.0,0,0.0,0.005408653846153846,fdr_significant_ttest
channel_dropout_0.3,brier_score,calibration,9,0.3134978676738801,0.25288022509683805,0.37411551025092216,0.3404045596269444,0.24937449862111571,0.3736794143009494,3.9753408881187826,large,9,1.0,0,0.0,0.005408653846153846,fdr_significant_ttest
channel_dropout_0.5,brier_score,calibration,9,0.3228150065030928,0.2609781966093302,0.3846518163968554,0.3451623291386287,0.2640583995871587,0.3656666323750651,4.012781066708831,large,9,1.0,0,0.0,0.005408653846153846,fdr_significant_ttest
cross_session_0,brier_score,calibration,9,0.03011340109918646,0.000138495320279583,0.060088306878093335,0.028716173868229278,0.013131537975130596,0.05934639184192639,0.772219580071221,medium,8,0.8888888888888888,1,0.1111111111111111,0.0439453125,descriptive_or_not_fdr_significant
reduced_montage_motor_core,brier_score,calibration,9,0.044358545503148855,0.01425583877234662,0.07446125223395109,0.04970799598474249,0.023531452244522494,0.052885200698793294,1.1326887232727967,large,8,0.8888888888888888,1,0.1111111111111111,0.0439453125,fdr_significant_ttest
reduced_montage_motor_extended,brier_score,calibration,9,0.021052851757697163,-0.002476037072512316,0.04458174058790664,0.010442230320656193,0.006914568143366884,0.022369334721893397,0.6877780978300697,medium,8,0.8888888888888888,1,0.1111111111111111,0.0439453125,non_normal_delta_check_wilcoxon
region_dropout_0.136364,brier_score,calibration,9,0.22358245874452745,0.1642379706131508,0.2829269468759041,0.22328927421821143,0.1850583837245135,0.2703224590123914,2.895984056585008,large,9,1.0,0,0.0,0.005408653846153846,fdr_significant_ttest
region_dropout_0.318182,brier_score,calibration,9,0.3045163770857967,0.22086182681608738,0.38817092735550607,0.3071232307276905,0.19475493997633264,0.3583096010633826,2.798078616298554,large,9,1.0,0,0.0,0.005408653846153846,fdr_significant_ttest
channel_dropout_0.1,ece,calibration,9,0.3008472930012425,0.24619370301000842,0.3555008829924766,0.3134373831441673,0.2293833880314711,0.3480796176048311,4.231226175853626,large,9,1.0,0,0.0,0.005408653846153846,fdr_significant_ttest
channel_dropout_0.2,ece,calibration,9,0.3211545730217128,0.28803305569341736,0.35427609035000823,0.3247984865170461,0.2787006624330013,0.330273715128816,7.453198938998324,large,9,1.0,0,0.0,0.005408653846153846,fdr_significant_ttest
channel_dropout_0.3,ece,calibration,9,0.32664587522206795,0.28608809469472946,0.36720365574940644,0.3429036356728349,0.2731675125852475,0.368120868061227,6.190729449981754,large,9,1.0,0,0.0,0.005408653846153846,fdr_significant_ttest
channel_dropout_0.5,ece,calibration,9,0.338603809704465,0.297868287625623,0.37933933178330703,0.35084544393332795,0.28917507139326193,0.3579942522638164,6.389360321794253,large,9,1.0,0,0.0,0.005408653846153846,fdr_significant_ttest
cross_session_0,ece,calibration,9,0.0410831078577317,0.00699987267083782,0.07516634304462558,0.05540645999682389,-0.0035615437941386996,0.0700502807425164,0.9265338818090235,large,6,0.6666666666666666,3,0.3333333333333333,0.5376838235294118,fdr_significant_ttest
reduced_montage_motor_core,ece,calibration,9,-0.00847808513142633,-0.059844748320316055,0.04288857805746339,0.004224249993767304,-0.022310705597439695,0.036840847638086906,-0.126868920800438,negligible,5,0.5555555555555556,4,0.4444444444444444,1.0,descriptive_or_not_fdr_significant
reduced_montage_motor_extended,ece,calibration,9,0.00010523502424461385,-0.012857248548580152,0.013067718597069379,0.006694317578811802,-0.01658616638655709,0.012540288523713194,0.006240378234953406,negligible,6,0.6666666666666666,3,0.3333333333333333,0.5376838235294118,descriptive_or_not_fdr_significant
region_dropout_0.136364,ece,calibration,9,0.25175543265199324,0.19206965464118503,0.31144121066280145,0.2571517496080542,0.2085880900601166,0.2891518248654033,3.2422523874418987,large,9,1.0,0,0.0,0.005408653846153846,fdr_significant_ttest
region_dropout_0.318182,ece,calibration,9,0.3190039096072088,0.250759282183328,0.38724853703108963,0.33641136047109466,0.25243752835101574,0.3503200616402457,3.5930756870252067,large,9,1.0,0,0.0,0.005408653846153846,fdr_significant_ttest
channel_dropout_0.1,roc_auc,primary,9,-0.11583404110752503,-0.14564082043930016,-0.08602726177574989,-0.11302785799218595,-0.15296755563105147,-0.11111347035841679,-2.9871702990579814,large,9,1.0,0,0.0,0.005408653846153846,fdr_significant_ttest
channel_dropout_0.2,roc_auc,primary,9,-0.1611344676594379,-0.20158333568057485,-0.12068559963830096,-0.18700611516901633,-0.19580346526244274,-0.12761423475454392,-3.062110815663327,large,9,1.0,0,0.0,0.005408653846153846,fdr_significant_ttest
channel_dropout_0.3,roc_auc,primary,9,-0.21115230356906928,-0.26151925039354385,-0.1607853567445947,-0.24216451503312375,-0.25395787328010855,-0.16601579751995932,-3.2224710574909112,large,9,1.0,0,0.0,0.005408653846153846,fdr_significant_ttest
channel_dropout_0.5,roc_auc,primary,9,-0.2358745257912915,-0.2932463967002755,-0.17850265488230752,-0.26031849838627485,-0.2796449804654325,-0.2277089349413962,-3.160245739745521,large,9,1.0,0,0.0,0.005408653846153846,fdr_significant_ttest
cross_session_0,roc_auc,primary,9,0.0006408465690019725,-0.021370554146299774,0.022652247284303716,0.003311616461883937,-0.026358048283831037,0.01401942079954377,0.022379233641449975,negligible,4,0.4444444444444444,5,0.5555555555555556,1.0,descriptive_or_not_fdr_significant
reduced_montage_motor_core,roc_auc,primary,9,-0.09781156219919594,-0.14920480918883036,-0.04641831520956152,-0.08316629862408687,-0.12588754883641934,-0.05788177339901457,-1.4629280441430863,large,9,1.0,0,0.0,0.005408653846153846,fdr_significant_ttest
reduced_montage_motor_extended,roc_auc,primary,9,-0.050954079610441,-0.09799880743101494,-0.003909351789867059,-0.03420248004076765,-0.059113300492610876,-0.011279089519279584,-0.8325432960687902,large,8,0.8888888888888888,1,0.1111111111111111,0.0439453125,fdr_significant_ttest
region_dropout_0.136364,roc_auc,primary,9,-0.08677500330294617,-0.13004892733645723,-0.043501079269435125,-0.060064549006284995,-0.11685068795651443,-0.046483777815525706,-1.5413710135923129,large,9,1.0,0,0.0,0.005408653846153846,fdr_significant_ttest
region_dropout_0.318182,roc_auc,primary,9,-0.16376479248060694,-0.20199587009231096,-0.1255337148689029,-0.17020553762527602,-0.19358331917784943,-0.13672074061491402,-3.2926292103392565,large,9,1.0,0,0.0,0.005408653846153846,fdr_significant_ttest
channel_dropout_0.1,balanced_accuracy,secondary,9,-0.2464586754241927,-0.3452020258751065,-0.14771532497327888,-0.26314039408866996,-0.32017241379310346,-0.19532019704433512,-1.9185586407922355,large,9,1.0,0,0.0,0.005408653846153846,fdr_significant_ttest
channel_dropout_0.2,balanced_accuracy,secondary,9,-0.26160235358511225,-0.35684771060974946,-0.16635699656047503,-0.286908866995074,-0.3196674876847291,-0.22469211822660107,-2.1112354029336617,large,9,1.0,0,0.0,0.005408653846153846,fdr_significant_ttest
channel_dropout_0.3,balanced_accuracy,secondary,9,-0.27265462506841825,-0.37388217003225654,-0.17142708010458,-0.3128325123152711,-0.3512068965517241,-0.2204802955665025,-2.070393959519355,large,9,1.0,0,0.0,0.005408653846153846,fdr_significant_ttest
channel_dropout_0.5,balanced_accuracy,secondary,9,-0.2789490968801314,-0.38215043539520477,-0.17574775836505804,-0.32318965517241394,-0.34592364532019704,-0.22613300492610844,-2.0776790306942825,large,9,1.0,0,0.0,0.005408653846153846,fdr_significant_ttest
cross_session_0,balanced_accuracy,secondary,9,-0.03436644772851674,-0.08149140719460304,0.012758511737569561,-0.02442528735632188,-0.08043240284619602,-0.01026272577996723,-0.5605604862201133,medium,8,0.8888888888888888,1,0.1111111111111111,0.0439453125,descriptive_or_not_fdr_significant
reduced_montage_motor_core,balanced_accuracy,secondary,9,-0.09076354679802956,-0.1355632417206987,-0.04596385187536043,-0.08325123152709357,-0.11896551724137927,-0.045073891625615814,-1.5573105620721863,large,9,1.0,0,0.0,0.005408653846153846,fdr_significant_ttest
reduced_montage_motor_extended,balanced_accuracy,secondary,9,-0.04600437876299945,-0.0831339507367029,-0.008874806789295996,-0.031157635467980005,-0.07302955665024635,-0.020935960591133118,-0.952397078893608,large,8,0.8888888888888888,1,0.1111111111111111,0.0439453125,fdr_significant_ttest
region_dropout_0.136364,balanced_accuracy,secondary,9,-0.204488232074439,-0.2815635369368996,-0.1274129272119784,-0.22980295566502462,-0.23793103448275865,-0.10812807881773412,-2.039350604821776,large,9,1.0,0,0.0,0.005408653846153846,fdr_significant_ttest
region_dropout_0.318182,balanced_accuracy,secondary,9,-0.26733716475095787,-0.3784609366464764,-0.15621339285543934,-0.2713054187192119,-0.3286945812807881,-0.18546798029556655,-1.8492311077810224,large,9,1.0,0,0.0,0.005408653846153846,fdr_significant_ttest
